<?xml version="1.0"?>
<doc>
    <assembly>
        <name>Rental</name>
    </assembly>
    <members>
        <member name="T:Rental.BundleConfig">
            <summary>
            public class BundleConfig
            bundling class for external assets such as js and css scripts
            </summary>
        </member>
        <member name="M:Rental.BundleConfig.RegisterBundles(System.Web.Optimization.BundleCollection)">
            <summary>
            For more information on bundling, visit http://go.microsoft.com/fwlink/?LinkId=301862
            </summary>
            <param name="bundles">
            type BundleCollection
            Contains and manages the set of registered Bundle objects in an ASP.NET application
            </param>
            <created>Deian,6/18/2017</created>
            <changed>Deian,6/18/2017</changed>
        </member>
        <member name="T:Rental.FilterConfig">
            <summary>
            public class FilterConfig
            Namespace holding "Filtera"(each time run actions) on each of the requests 
            handled by the application.
            </summary>
        </member>
        <member name="M:Rental.FilterConfig.RegisterGlobalFilters(System.Web.Mvc.GlobalFilterCollection)">
            <summary>
            Method bootstraping handling for global filters: CustomeErrors, Authentication
            </summary>
            <param name="filters">
            type GlobalFilterCollection
            Represents a class that contains all the global filters.
            </param>
            <created>Deian,6/18/2017</created>
            <changed>Deian,6/18/2017</changed>
        </member>
        <member name="M:Rental.Binders.DecimalModelBinder.BindModel(System.Web.Mvc.ControllerContext,System.Web.Mvc.ModelBindingContext)">
            <summary>
            Binder for decimal adjustment according to curent user culture.
            </summary>
            <param name="controllerContext">
            type ControllerContext
            Encapsulates information about an HTTP request that matches specified System.Web.Routing.RouteBase
            and System.Web.Mvc.ControllerBase instances.
            </param>
            <param name="bindingContext">
            type ModelBindingContext
            Provides the context in which a model binder functions.
            </param>
            <returns>object</returns>
            <created>Deian,6/18/2017</created>
            <changed>Deian,6/18/2017</changed>
        </member>
        <member name="T:Rental.Controllers.AuthorsController">
            <summary>
            AuthorsController extends Controller - MVC controller for the Authors handling.
            </summary>
        </member>
        <member name="M:Rental.Controllers.AuthorsController.Index">
            <summary>
            GET: Authors
            Index - index for the authors main view.
            </summary>
            <returns>ActionResult</returns>
        </member>
        <member name="M:Rental.Controllers.AuthorsController.Details(System.Nullable{System.Int32})">
            <summary>
            GET: Authors/Details/5
            Details - Called on details request for a certain author with id - id
            </summary>
            <param name="id">int?</param>
            <returns>ActionResult</returns>
        </member>
        <member name="M:Rental.Controllers.AuthorsController.Create">
            <summary>
            GET: Authors/Create
            </summary>
            Create - Callback method on authors create request by the user
            <returns>ActionResult</returns>
            <created>Deian,6/18/2017</created>
            <changed>Deian,6/18/2017</changed>
        </member>
        <member name="M:Rental.Controllers.AuthorsController.Create(Rental.Models.BooksModels.Author)">
            <summary>
            POST: Authors/Create
            Create - Method creating the actual author and adding him to the database
            </summary>
            <param author="Author"></param>
            Binding parameter for the values sent to the database
            <returns>ActionResult</returns>
            <created>Deian,6/18/2017</created>
            <changed>Deian,6/18/2017</changed>
        </member>
        <member name="M:Rental.Controllers.AuthorsController.Edit(System.Nullable{System.Int32})">
            <summary>
            GET: Authors/Edit/5
            </summary>
            Edit - callback method on author properties editing request
            <param name="id">int?</param>
            <returns>ActionResult(Author)</returns>
            <created>Deian,6/18/2017</created>
            <changed>Deian,6/18/2017</changed>
        </member>
        <member name="M:Rental.Controllers.AuthorsController.Edit(Rental.Models.BooksModels.Author)">
            <summary>
            POST: Authors/Edit/5
            Edit - callback method on author properties editing result
            </summary>
            <param author="Author"></param>
            Binding parameter for the values sent to the database.
            <returns>ActionResult</returns>
            <created>Deian,6/18/2017</created>
            <changed>Deian,6/18/2017</changed>
        </member>
        <member name="M:Rental.Controllers.AuthorsController.Delete(System.Nullable{System.Int32})">
            <summary>
            GET: Authors/Delete/5
            Delete - callback method on author delete result
            </summary>
            <param id="int?"></param>
            Id of the author targeted to delete
            <returns>ActionResult</returns>
            <created>Deian,6/18/2017</created>
            <changed>Deian,6/18/2017</changed>
        </member>
        <member name="M:Rental.Controllers.AuthorsController.DeleteConfirmed(System.Int32)">
            <summary>
            POST: Authors/Delete/5
            DeleteConfirmed - callback method on author delete confirmation
            </summary>
            <param int="id"></param>
            Id of the author to delete from the database
            <returns>ActionResult</returns>
            <created>Deian,6/18/2017</created>
            <changed>Deian,6/18/2017</changed>
        </member>
        <member name="T:Rental.Controllers.BooksController">
            <summary>
            BooksController extends Controller - MVC controller for Rental Books handling.
            </summary>
        </member>
        <member name="M:Rental.Controllers.BooksController.Index">
            <summary>
            GET: Authors
            Index - index for the authors main view.
            </summary>
            <returns>ActionResult</returns>
        </member>
        <member name="M:Rental.Controllers.BooksController.Details(System.Nullable{System.Int32})">
            <summary>
            GET: Books/Details/5
            Details - Called on details request for a certain book with id - id
            </summary>
            <param name="id">int?</param>
            <returns>ActionResult</returns>
        </member>
        <member name="M:Rental.Controllers.BooksController.Create">
            <summary>
            GET: Books/Create
            </summary>
            Create - Callback method on book create request by the user
            <returns>ActionResult</returns>
            <created>Deian,6/18/2017</created>
            <changed>Deian,6/18/2017</changed>
        </member>
        <member name="M:Rental.Controllers.BooksController.Create(Rental.Models.BooksModels.Book)">
            <summary>
            POST: Books/Create
            Create - Method creating the actual book and adding it to the database
            </summary>
            <param name="book"></param>
            Binding parameter for the values sent to the database
            <returns>ActionResult</returns>
            <created>Deian,6/18/2017</created>
            <changed>Deian,6/18/2017</changed>
        </member>
        <member name="M:Rental.Controllers.BooksController.Edit(System.Nullable{System.Int32})">
            <summary>
            GET: Book/Edit/5
            </summary>
            Edit - callback method on book properties editing request
            <param name="id">int?</param>
            <returns>ActionResult(Book)</returns>
            <created>Deian,6/18/2017</created>
            <changed>Deian,6/18/2017</changed>
        </member>
        <member name="M:Rental.Controllers.BooksController.Edit(Rental.Models.BooksModels.Book)">
            <summary>
            POST: Books/Edit/5
            Edit - callback method on book properties editing result
            </summary>
            <param name="Book"></param>
            <returns>ActionResult</returns>
            <created>Deian,6/18/2017</created>
            <changed>Deian,6/18/2017</changed>
        </member>
        <member name="M:Rental.Controllers.BooksController.Delete(System.Nullable{System.Int32})">
            <summary>
            GET: Authors/Delete/5
            Delete - callback method on book delete result
            </summary>
            <param id="int?"></param>
            Id of the book targeted to delete
            <returns>ActionResult</returns>
            <created>Deian,6/18/2017</created>
            <changed>Deian,6/18/2017</changed>
        </member>
        <member name="M:Rental.Controllers.BooksController.DeleteConfirmed(System.Int32)">
            <summary>
            POST: Authors/Delete/5
            DeleteConfirmed - callback method on book delete confirmation
            </summary>
            <param int="id"></param>
            Id of the book to delete from the database
            <returns>ActionResult</returns>
            <created>Deian,6/18/2017</created>
            <changed>Deian,6/18/2017</changed>
        </member>
        <member name="T:Rental.Models.Customer">
            <summary>
            Customer - POCO
            </summary>
        </member>
        <member name="M:Rental.Models.VerifyAge.IsValid(System.Object,System.ComponentModel.DataAnnotations.ValidationContext)">
            <summary>
            IsValid - Method handlign age varification for new app customers
            [VerifyAge] annotation
            </summary>
            <param name="value"></param>
            type object
            <param name="ValidationContext"></param>
            type ValidationContext
            Describes the context in which a validation check is performed.
            <returns>ValidationResult</returns>
            <created>Deian,6/18/2017</created>
            <changed>Deian,6/18/2017</changed>
        </member>
        <member name="T:Rental.Models.ApplicationUser">
            <summary>
            Application user model (extends Identity User - Default EntityFramework IUser implementation).
            </summary>
        </member>
        <member name="P:Rental.Models.ApplicationUser.Ocupation">
            <summary>
            Ocupation getter/setter of the Application User
            </summary>
        </member>
        <member name="P:Rental.Models.ApplicationUser.Phone">
            <summary>
            Phone getter/setter of the Application User
            </summary>
        </member>
        <member name="P:Rental.Models.ApplicationUser.Birthdate">
            <summary>
            Birthdate getter/setter of the Application User
            </summary>
        </member>
        <!-- Badly formed XML comment ignored for member "M:Rental.Models.ApplicationUser.GenerateUserIdentityAsync(Microsoft.AspNet.Identity.UserManager{Rental.Models.ApplicationUser})" -->
        <member name="T:Rental.Models.BooksModels.Author">
            <summary>
            Author - POCO
            </summary>
        </member>
        <member name="T:Rental.Models.BooksModels.Book">
            <summary>
            Book - POCO
            </summary>
        </member>
    </members>
</doc>
